Timestamp,Username,Your name,Your language,What country (or countries) is/was your language primarily spoken in (originally)?,What language family does your language belong to?,"Level of endangerment (according to Ethnologue, or according to your grammar if that has been deemed more reliable)","1. How many consonant phonemes does your language have in total (including affricates, non-pulmonic consonants, etc.)?","2. How many vowel phonemes does your language have in total (including diphthongs, triphthongs, long vowels, nasalized vowels, etc.)? (Do not include vowels with distinct tones as being distinct from each other.)",3. How many phonemes (consonants + vowels) does your language have in total?,4. Which of the following consonant phonemes does your language have?,5. Which of the following less common consonant phonemes does your language have?,6. Does your language have any of the following types of consonants (as phonemes)?,7. Which of the following common vowel phonemes does your language have?,8. Which of the following less common vowel phonemes does your language have?,9. Does your language have any vowels of the following types (as phonemes)? ,10. Which of the following phonetic and phonological properties does your language have?,11. Which of the following characteristics of syllables are allowed in your language?
2026/09/25 5:11:56 PM AST,a38a833b7c707e2a,2f33876da6e8b3c5,"Inanwatan (Alternative names: Suabo, Iagu, Mirabo)",Indonesia,Trans-New Guinea,6b,11,"5 (it says 5 in my grammar, but they didn't distinguish close-mid and open-mid. when i distinguish them, it's 8)",16 or 19 when close mid and open mid vowels are distinguished,"/n/ (including dental, alveolar, or postalveolar /n/);/t/ (including dental, alveolar, or postalveolar /t/);/m/;/k/;/s/;/p/;/b/;/d/ (including dental, alveolar, or postalveolar /d/);/g/;/ʔ/",/ɸ/,None of the above,/a/;/e/;/o/;/i/;/u/,/ɛ/;/ɔ/;/ɑ/,None of the above,"There is stress (may also be called ""accent"") in the language, but stress is not predictably placed.","V (onsetless and codaless syllable);C onset (syllable with a single onset consonant, e.g., CV or CVC)"
2026/09/26 2:21:31 PM AST,f3e563051f36cc47,41c35ccd28dd3f73,Creek (Muskogee),United States,Muskogean,7,13,16,29,"/n/ (including dental, alveolar, or postalveolar /n/);/t/ (including dental, alveolar, or postalveolar /t/);/m/;/k/;/j/;/s/;/p/;/l/ (including dental, alveolar, or postalveolar /l/);/w/;/h/;/tʃ/;/f/",/ɬ/,Affricates,/o/;/i/;/ə/,/ɪ/;/ʊ/;/ɑ/,Nasalized vowels;Long vowels;Diphthongs,"There are ""complex consonant"" phonemes (NOTE: ""complex consonants"" are any of those on the following list: clicks, ejectives, implosives, glottalized (have the glottal stop as a diacritic), labial-velar stops, dental fricatives (""th"" sounds), lateral fricatives, lateral affricates, uvular consonants, pharyngeal(ized) consonants).;There is tone (including ""pitch accent"", but not including intonation) in the language.;There is stress (may also be called ""accent"") in the language, and stress is mostly predictable (follows a set pattern).","V (onsetless and codaless syllable);C onset (syllable with a single onset consonant, e.g., CV or CVC);C coda (syllable with a single coda consonant, e.g., VC or CVC);CC coda (syllable with two coda consonants, e.g., VCC or CVCC)"
2026/09/28 2:11:04 PM AST,36406e6e742f4e18,20ed684b9c7759bf,Mursi,Ethiopia,Nilo-Saharan,6a,22,7,29,"/n/ (including dental, alveolar, or postalveolar /n/);/t/ (including dental, alveolar, or postalveolar /t/);/m/;/k/;/j/;/s/;/l/ (including dental, alveolar, or postalveolar /l/);/w/;/h/;/b/;/d/ (including dental, alveolar, or postalveolar /d/);/g/;/ŋ/;/ʃ/;/ʔ/;/r/ (including dental, alveolar, or postalveolar /r/);/ɲ/;/z/;/dʒ/",None of the above,Implosives;Affricates,/a/;/e/;/o/;/i/;/u/,/ɛ/;/ɔ/,None of the above,"There are ""complex consonant"" phonemes (NOTE: ""complex consonants"" are any of those on the following list: clicks, ejectives, implosives, glottalized (have the glottal stop as a diacritic), labial-velar stops, dental fricatives (""th"" sounds), lateral fricatives, lateral affricates, uvular consonants, pharyngeal(ized) consonants).;There is tone (including ""pitch accent"", but not including intonation) in the language.","V (onsetless and codaless syllable);C onset (syllable with a single onset consonant, e.g., CV or CVC);C coda (syllable with a single coda consonant, e.g., VC or CVC)"
2026/09/29 7:39:49 PM AST,987a23dbf21c1508,2247bcef5d513a2a,Kunbarlang,Australia,Australian (Gunwinyguan),7,22,5,27,"/n/ (including dental, alveolar, or postalveolar /n/);/t/ (including dental, alveolar, or postalveolar /t/);/m/;/k/;/j/;/p/;/l/ (including dental, alveolar, or postalveolar /l/);/w/;/ŋ/;/ʔ/;/ɲ/","/ɾ/ (including dental, alveolar, or postalveolar /ɾ/);/ʈ/;/ɳ/;/ɻ/;/ɭ/;/c/",None of the above,/a/;/e/;/o/;/i/;/u/,None of the above,None of the above,"There is stress (may also be called ""accent"") in the language, and stress is mostly predictable (follows a set pattern).","V (onsetless and codaless syllable);C onset (syllable with a single onset consonant, e.g., CV or CVC);C coda (syllable with a single coda consonant, e.g., VC or CVC);CC coda (syllable with two coda consonants, e.g., VCC or CVCC)"
2026/09/29 8:59:55 PM AST,af0251719fabd82f,c86846681b99d56e,Pendau,Indonesia,Austronesian,6b,20,5,25,"/n/ (including dental, alveolar, or postalveolar /n/);/t/ (including dental, alveolar, or postalveolar /t/);/m/;/k/;/j/;/s/;/p/;/w/;/h/;/b/;/d/ (including dental, alveolar, or postalveolar /d/);/g/;/ŋ/;/ʔ/;/tʃ/;/r/ (including dental, alveolar, or postalveolar /r/);/ɲ/;/dʒ/",/β/;/ɭ/,Affricates,/a/;/e/;/o/;/i/;/u/,None of the above,None of the above,"There is stress (may also be called ""accent"") in the language, and stress is mostly predictable (follows a set pattern).","V (onsetless and codaless syllable);C onset (syllable with a single onset consonant, e.g., CV or CVC);C coda (syllable with a single coda consonant, e.g., VC or CVC)"
2026/09/29 10:43:13 PM AST,6845e52ff58cc888,d93c6658f304add1,Skolt Saami,Finland and Russia,Uralic,7,31,17,48,"/n/ (including dental, alveolar, or postalveolar /n/);/t/ (including dental, alveolar, or postalveolar /t/);/m/;/k/;/j/;/s/;/p/;/l/ (including dental, alveolar, or postalveolar /l/);/w/;/b/;/d/ (including dental, alveolar, or postalveolar /d/);/g/;/ŋ/;/ʃ/;/tʃ/;/f/;/r/ (including dental, alveolar, or postalveolar /r/);/ɲ/;/z/;/ts/;/dʒ/;/x/;/v/",/ð/;/dz/;/ʒ/;/c/;/ɟ/;/ʝ/;/ʎ/;/ɣ/,Affricates,/a/;/e/;/o/;/i/;/u/;/ə/,/ɛ/;/ɐ/;/ɔ/;/ɑ/,Diphthongs,"There are ""complex consonant"" phonemes (NOTE: ""complex consonants"" are any of those on the following list: clicks, ejectives, implosives, glottalized (have the glottal stop as a diacritic), labial-velar stops, dental fricatives (""th"" sounds), lateral fricatives, lateral affricates, uvular consonants, pharyngeal(ized) consonants).;There is stress (may also be called ""accent"") in the language, and stress is mostly predictable (follows a set pattern).","V (onsetless and codaless syllable);C onset (syllable with a single onset consonant, e.g., CV or CVC);C coda (syllable with a single coda consonant, e.g., VC or CVC);CC coda (syllable with two coda consonants, e.g., VCC or CVCC)"
2026/09/29 10:48:02 PM AST,79b0f035211bf0ec,4a16b8e58977dbca,Pangkhua,Bangladesh,Tibeto-Burman,6b,21,16,37,"/n/ (including dental, alveolar, or postalveolar /n/);/t/ (including dental, alveolar, or postalveolar /t/);/m/;/k/;/j/;/s/;/p/;/l/ (including dental, alveolar, or postalveolar /l/);/w/;/h/;/b/;/d/ (including dental, alveolar, or postalveolar /d/);/ŋ/;/tʃ/;/f/;/r/ (including dental, alveolar, or postalveolar /r/);/z/;/v/","/pʰ/;/tʰ/ (including dental, alveolar, or postalveolar /tʰ/);/kʰ/",Affricates;Aspirated,/e/;/i/;/u/;/ə/;/ʌ/,/aᶠ/;/ɒ/,Diphthongs,"There is tone (including ""pitch accent"", but not including intonation) in the language.;There is stress (may also be called ""accent"") in the language, and stress is mostly predictable (follows a set pattern).","V (onsetless and codaless syllable);C onset (syllable with a single onset consonant, e.g., CV or CVC);CC onset (syllable with a two onset consonants, e.g., CCV or CCVC);C coda (syllable with a single coda consonant, e.g., VC or CVC)"
2026/09/30 5:58:46 AM AST,fde2a279fe7d84cf,a2e63d58a283a996,Manchu,Northeastern China,Tungusic,8b,29,17,46,"/n/ (including dental, alveolar, or postalveolar /n/);/t/ (including dental, alveolar, or postalveolar /t/);/m/;/k/;/s/;/p/;/l/ (including dental, alveolar, or postalveolar /l/);/b/;/d/ (including dental, alveolar, or postalveolar /d/);/g/;/ŋ/;/ʃ/;/tʃ/;/f/;/ts/;/x/","/kʰ/;/gʰ/;/β/;/ɾ/ (including dental, alveolar, or postalveolar /ɾ/);/ʐ/;/q/;/ɢ/;/χ/",Affricates;Aspirated,/i/;/u/;/ə/,/ʊ/;/ɔ/;/ɑ/,Diphthongs,"There are ""complex consonant"" phonemes (NOTE: ""complex consonants"" are any of those on the following list: clicks, ejectives, implosives, glottalized (have the glottal stop as a diacritic), labial-velar stops, dental fricatives (""th"" sounds), lateral fricatives, lateral affricates, uvular consonants, pharyngeal(ized) consonants).","V (onsetless and codaless syllable);C onset (syllable with a single onset consonant, e.g., CV or CVC);C coda (syllable with a single coda consonant, e.g., VC or CVC);CC coda (syllable with two coda consonants, e.g., VCC or CVCC)"
2026/09/30 1:53:21 PM AST,9f4455b871268149,0a3c50384cd6f6be,Makary Kotoko,Cameroon,Afro-Asiatic,6a,31,6,37,"/n/ (including dental, alveolar, or postalveolar /n/);/t/ (including dental, alveolar, or postalveolar /t/);/m/;/k/;/j/;/s/;/p/;/l/ (including dental, alveolar, or postalveolar /l/);/w/;/h/;/b/;/d/ (including dental, alveolar, or postalveolar /d/);/g/;/ʃ/;/tʃ/;/f/;/z/;/dʒ/","/ɾ/ (including dental, alveolar, or postalveolar /ɾ/)",Implosives;Ejectives;Affricates;Labialized;Palatalized;Velarized;Glottalized;Pre-nasalized,/a/;/e/;/o/;/i/;/u/;/ɨ/,None of the above,None of the above,"There are ""complex consonant"" phonemes (NOTE: ""complex consonants"" are any of those on the following list: clicks, ejectives, implosives, glottalized (have the glottal stop as a diacritic), labial-velar stops, dental fricatives (""th"" sounds), lateral fricatives, lateral affricates, uvular consonants, pharyngeal(ized) consonants).;There is tone (including ""pitch accent"", but not including intonation) in the language.","V (onsetless and codaless syllable);C onset (syllable with a single onset consonant, e.g., CV or CVC);CC onset (syllable with a two onset consonants, e.g., CCV or CCVC);C coda (syllable with a single coda consonant, e.g., VC or CVC)"
2026/09/30 3:54:18 PM AST,1cbb0b95f2007075,d1ceefd5d4285c6d,Gurung,Nepal,Sino-Tibetan,6b,19,11,30,"/n/ (including dental, alveolar, or postalveolar /n/);/t/ (including dental, alveolar, or postalveolar /t/);/m/;/k/;/j/;/s/;/p/;/l/ (including dental, alveolar, or postalveolar /l/);/w/;/ŋ/;/ts/","/pʰ/;/tʰ/ (including dental, alveolar, or postalveolar /tʰ/);/ʈʰ/;/kʰ/;/ɾ/ (including dental, alveolar, or postalveolar /ɾ/)",Affricates;Aspirated,/e/;/o/;/i/;/u/,/aᶠ/;/ɜ/,Nasalized vowels,"There is tone (including ""pitch accent"", but not including intonation) in the language.","V (onsetless and codaless syllable);C onset (syllable with a single onset consonant, e.g., CV or CVC);CC onset (syllable with a two onset consonants, e.g., CCV or CCVC)"
2026/09/30 5:14:32 PM AST,db0f9d02dbc5d3d5,f6fa16a3d49c1468,Dolgan,Russia,Turkic,6b,17,20,37,"/n/ (including dental, alveolar, or postalveolar /n/);/t/ (including dental, alveolar, or postalveolar /t/);/m/;/k/;/j/;/s/;/p/;/l/ (including dental, alveolar, or postalveolar /l/);/h/;/b/;/d/ (including dental, alveolar, or postalveolar /d/);/g/;/ŋ/;/tʃ/;/r/ (including dental, alveolar, or postalveolar /r/);/ɲ/",/ɟ/,Affricates,/a/;/i/;/u/;/ɯ/;/y/,/ɛ/;/œ/;/ɔ/,Long vowels;Diphthongs,"There is stress (may also be called ""accent"") in the language, and stress is mostly predictable (follows a set pattern).","V (onsetless and codaless syllable);C onset (syllable with a single onset consonant, e.g., CV or CVC);C coda (syllable with a single coda consonant, e.g., VC or CVC);CC coda (syllable with two coda consonants, e.g., VCC or CVCC)"
2026/09/30 5:41:01 PM AST,b2913646fb5a4381,8be40598f66b4c67,Kilmeri ,Papua New Guinea,Border Family,7,15,8,23,"/n/ (including dental, alveolar, or postalveolar /n/);/m/;/k/;/j/;/s/;/p/;/l/ (including dental, alveolar, or postalveolar /l/);/b/;/d/ (including dental, alveolar, or postalveolar /d/);/g/;/ʔ/;/f/;/r/ (including dental, alveolar, or postalveolar /r/)",/ʙ/;/ʋ/,Pre-nasalized,/a/;/i/;/u/,/ɛ/;/æ/;/ɪ/;/ʊ/;/ɔ/,Long vowels,"There is stress (may also be called ""accent"") in the language, and stress is mostly predictable (follows a set pattern).","V (onsetless and codaless syllable);C onset (syllable with a single onset consonant, e.g., CV or CVC);CC onset (syllable with a two onset consonants, e.g., CCV or CCVC);C coda (syllable with a single coda consonant, e.g., VC or CVC)"
2026/09/30 5:46:58 PM AST,7c0a0dd7ac427230,0aa1015544557cca,Tayap,Papua New Guinea,"Tayap is a ""Language Isolate,"" it was eventually determined to be excluded from the Sepik-Ramu language family. ",8a,14,6,20,"/n/ (including dental, alveolar, or postalveolar /n/);/t/ (including dental, alveolar, or postalveolar /t/);/m/;/k/;/j/;/s/;/p/;/w/;/ŋ/","/ɾ/ (including dental, alveolar, or postalveolar /ɾ/)",Affricates;Palatalized;Pre-nasalized,/a/;/i/;/u/;/ɵ/,/ɛ/;/ɔ/,None of the above,"There is stress (may also be called ""accent"") in the language, and stress is mostly predictable (follows a set pattern).","V (onsetless and codaless syllable);C onset (syllable with a single onset consonant, e.g., CV or CVC);CC onset (syllable with a two onset consonants, e.g., CCV or CCVC);C coda (syllable with a single coda consonant, e.g., VC or CVC);CC coda (syllable with two coda consonants, e.g., VCC or CVCC)"
2026/09/30 6:26:06 PM AST,f9f7f41a2bf52039,a1d8e89408959d58,Māori,New Zealand,Austronesian,6b,10,10,20,"/n/ (including dental, alveolar, or postalveolar /n/);/t/ (including dental, alveolar, or postalveolar /t/);/m/;/k/;/p/;/w/;/h/;/ŋ/;/f/","/ɾ/ (including dental, alveolar, or postalveolar /ɾ/)",None of the above,/a/;/e/;/o/;/i/;/u/,None of the above,Long vowels,"There is stress (may also be called ""accent"") in the language, and stress is mostly predictable (follows a set pattern).","V (onsetless and codaless syllable);C onset (syllable with a single onset consonant, e.g., CV or CVC)"
2026/09/30 6:55:38 PM AST,ba9434d17fa385dc,14531e291bd46ee6,Irish,Ireland,Indo-European,6b,33,14,47,"/j/;/w/;/ʃ/;/ʔ/;/tʃ/;/r/ (including dental, alveolar, or postalveolar /r/);/ts/;/dʒ/",/ɣ/,Palatalized;Velarized,/a/;/e/;/o/;/u/,None of the above,Long vowels;Diphthongs,"There is stress (may also be called ""accent"") in the language, and stress is mostly predictable (follows a set pattern).","V (onsetless and codaless syllable);C onset (syllable with a single onset consonant, e.g., CV or CVC);CC onset (syllable with a two onset consonants, e.g., CCV or CCVC);CCC onset (syllable with three onset consonants, e.g., CCCV or CCCVC);C coda (syllable with a single coda consonant, e.g., VC or CVC);CC coda (syllable with two coda consonants, e.g., VCC or CVCC)"
2026/09/30 7:10:23 PM AST,d9cc41f2bf80f3a0,12c29577eec228c2,Ute,"Utah and Colorado, USA",Uto-Aztecan,6b,12,15,27,"/n/ (including dental, alveolar, or postalveolar /n/);/t/ (including dental, alveolar, or postalveolar /t/);/m/;/k/;/j/;/s/;/p/;/w/;/ʔ/;/tʃ/","/β/;/ɾ/ (including dental, alveolar, or postalveolar /ɾ/);/ɣ/;/q/",None of the above,/i/;/u/;/ɯ/,/œ/;/ɑ/,Long vowels;Voiceless vowels,"There is stress (may also be called ""accent"") in the language, and stress is mostly predictable (follows a set pattern).","C onset (syllable with a single onset consonant, e.g., CV or CVC);CC onset (syllable with a two onset consonants, e.g., CCV or CCVC);CCC onset (syllable with three onset consonants, e.g., CCCV or CCCVC);C coda (syllable with a single coda consonant, e.g., VC or CVC);CC coda (syllable with two coda consonants, e.g., VCC or CVCC)"
2026/09/30 7:12:27 PM AST,3a13eff2a45c4b57,ec95d8811ce89e16,Bathari,Oman,Afro-Asiatic,8b,30,11,41,"/n/ (including dental, alveolar, or postalveolar /n/);/t/ (including dental, alveolar, or postalveolar /t/);/m/;/k/;/j/;/s/;/l/ (including dental, alveolar, or postalveolar /l/);/w/;/h/;/b/;/d/ (including dental, alveolar, or postalveolar /d/);/g/;/ʃ/;/ʔ/;/f/;/z/",/θ/;/ð/;/ɬ/;/ɮ/;/χ/;/ʁ/;/ħ/;/ʕ/,Ejectives;Labialized;Palatalized;Velarized;Glottalized;Pharyngealized,/e/;/o/;/i/;/u/;/ə/,/æ/,Long vowels;Diphthongs,"There are ""complex consonant"" phonemes (NOTE: ""complex consonants"" are any of those on the following list: clicks, ejectives, implosives, glottalized (have the glottal stop as a diacritic), labial-velar stops, dental fricatives (""th"" sounds), lateral fricatives, lateral affricates, uvular consonants, pharyngeal(ized) consonants).;There is tone (including ""pitch accent"", but not including intonation) in the language.;There is stress (may also be called ""accent"") in the language, and stress is mostly predictable (follows a set pattern).","C onset (syllable with a single onset consonant, e.g., CV or CVC);CC onset (syllable with a two onset consonants, e.g., CCV or CCVC);C coda (syllable with a single coda consonant, e.g., VC or CVC);CC coda (syllable with two coda consonants, e.g., VCC or CVCC);CCC coda (syllable with three coda consonants, e.g., VCCC or CVCCC)"
2026/09/30 7:34:22 PM AST,57b94ba3bb405576,2e8735b8a66e5c0d,Puyuma,Taiwan,Austronesian Family,8a,18,4,22,"/n/ (including dental, alveolar, or postalveolar /n/);/t/ (including dental, alveolar, or postalveolar /t/);/m/;/k/;/j/;/s/;/p/;/l/ (including dental, alveolar, or postalveolar /l/);/w/;/b/;/d/ (including dental, alveolar, or postalveolar /d/);/g/;/ŋ/;/ʃ/;/ʔ/;/r/ (including dental, alveolar, or postalveolar /r/)",/ʈ/;/ɖ/,None of the above,/a/;/i/;/u/;/ə/,None of the above,None of the above,None of the above,"V (onsetless and codaless syllable);C onset (syllable with a single onset consonant, e.g., CV or CVC);C coda (syllable with a single coda consonant, e.g., VC or CVC)"
2026/09/30 7:51:23 PM AST,a304512f574ae387,503374923415c810,Central Alaskan Yup'ik,United States,Eskimo-Aleut,6b,27,4,31,"/n/ (including dental, alveolar, or postalveolar /n/);/t/ (including dental, alveolar, or postalveolar /t/);/m/;/k/;/j/;/s/;/p/;/l/ (including dental, alveolar, or postalveolar /l/);/w/;/ŋ/;/f/;/z/;/ts/;/x/;/v/",/ɬ/;/ɣ/;/q/;/χ/;/ʁ/,Affricates;Labialized,/a/;/i/;/u/;/ɨ/,None of the above,None of the above,"There are ""complex consonant"" phonemes (NOTE: ""complex consonants"" are any of those on the following list: clicks, ejectives, implosives, glottalized (have the glottal stop as a diacritic), labial-velar stops, dental fricatives (""th"" sounds), lateral fricatives, lateral affricates, uvular consonants, pharyngeal(ized) consonants).;There is stress (may also be called ""accent"") in the language, and stress is mostly predictable (follows a set pattern).","V (onsetless and codaless syllable);C onset (syllable with a single onset consonant, e.g., CV or CVC);C coda (syllable with a single coda consonant, e.g., VC or CVC)"
2026/09/30 7:52:42 PM AST,6dbc9418d07db071,30f89e6167a1f1c2,Baba Malay,"Singapore, Malaysia",Austronesian,8a,19,8,27,"/n/ (including dental, alveolar, or postalveolar /n/);/t/ (including dental, alveolar, or postalveolar /t/);/m/;/k/;/j/;/s/;/p/;/l/ (including dental, alveolar, or postalveolar /l/);/h/;/b/;/d/ (including dental, alveolar, or postalveolar /d/);/g/;/ŋ/;/ʔ/;/tʃ/;/ɲ/;/dʒ/","/ɾ/ (including dental, alveolar, or postalveolar /ɾ/)",Affricates,/a/;/e/;/o/;/i/;/u/;/ə/,/ɛ/;/ɔ/,None of the above,"There is stress (may also be called ""accent"") in the language, and stress is mostly predictable (follows a set pattern).","V (onsetless and codaless syllable);C onset (syllable with a single onset consonant, e.g., CV or CVC);CC onset (syllable with a two onset consonants, e.g., CCV or CCVC);C coda (syllable with a single coda consonant, e.g., VC or CVC);CC coda (syllable with two coda consonants, e.g., VCC or CVCC)"
2026/09/30 8:05:23 PM AST,6fa438a0a954ba2f,e8e99a8dc2cc654f,Khatso,China,Tibeto-Burman,6b,24,18,42,"/n/ (including dental, alveolar, or postalveolar /n/);/t/ (including dental, alveolar, or postalveolar /t/);/m/;/k/;/j/;/s/;/p/;/l/ (including dental, alveolar, or postalveolar /l/);/w/;/ŋ/;/f/;/ɲ/;/z/;/ts/;/x/;/v/","/pʰ/;/tʰ/ (including dental, alveolar, or postalveolar /tʰ/);/kʰ/;/ɣ/",Aspirated,/o/;/i/;/ɯ/,/ɛ/;/aᶠ/;/ɤ/,Diphthongs;Triphthongs,"There is tone (including ""pitch accent"", but not including intonation) in the language.","V (onsetless and codaless syllable);C onset (syllable with a single onset consonant, e.g., CV or CVC)"
2026/09/30 8:05:31 PM AST,b1194dc152276d47,ec955b608e4b2acd,Nganasan ,Russia ,Uralic ,8a,19 ,10,29,"/n/ (including dental, alveolar, or postalveolar /n/);/t/ (including dental, alveolar, or postalveolar /t/);/m/;/k/;/j/;/s/;/l/ (including dental, alveolar, or postalveolar /l/);/h/;/b/;/g/;/ŋ/;/ʔ/;/r/ (including dental, alveolar, or postalveolar /r/);/ɲ/",/ð/;/c/;/ɟ/,Palatalized,/e/;/o/;/i/;/u/;/ə/;/ɨ/;/y/,/ɑ/,Diphthongs,"There are ""complex consonant"" phonemes (NOTE: ""complex consonants"" are any of those on the following list: clicks, ejectives, implosives, glottalized (have the glottal stop as a diacritic), labial-velar stops, dental fricatives (""th"" sounds), lateral fricatives, lateral affricates, uvular consonants, pharyngeal(ized) consonants).;There is stress (may also be called ""accent"") in the language, and stress is mostly predictable (follows a set pattern).","V (onsetless and codaless syllable);C onset (syllable with a single onset consonant, e.g., CV or CVC);C coda (syllable with a single coda consonant, e.g., VC or CVC)"
2026/09/30 8:16:48 PM AST,c8fbe1e97ff380ed,5a436edda4a2e560,Unua,Vanuatu,Austronesian,6b,20,8,28,"/n/ (including dental, alveolar, or postalveolar /n/);/t/ (including dental, alveolar, or postalveolar /t/);/m/;/k/;/s/;/p/;/l/ (including dental, alveolar, or postalveolar /l/);/b/;/d/ (including dental, alveolar, or postalveolar /d/);/g/;/ŋ/;/tʃ/;/r/ (including dental, alveolar, or postalveolar /r/)","/ʙ/;/β/;/ɾ/ (including dental, alveolar, or postalveolar /ɾ/);/ɣ/",Pre-nasalized,/a/;/e/;/o/;/i/;/u/;/ø/;/ɵ/;/ʉ/,None of the above,None of the above,"There is stress (may also be called ""accent"") in the language, but stress is not predictably placed.","C onset (syllable with a single onset consonant, e.g., CV or CVC);CC onset (syllable with a two onset consonants, e.g., CCV or CCVC);C coda (syllable with a single coda consonant, e.g., VC or CVC);CC coda (syllable with two coda consonants, e.g., VCC or CVCC)"
2026/09/30 8:29:13 PM AST,cbde22fc8766de80,8146e33e63087951,Kurux,"India, Nepal",Dravidian,6b,34,23,57,"/n/ (including dental, alveolar, or postalveolar /n/);/t/ (including dental, alveolar, or postalveolar /t/);/m/;/k/;/j/;/s/;/p/;/l/ (including dental, alveolar, or postalveolar /l/);/w/;/h/;/b/;/d/ (including dental, alveolar, or postalveolar /d/);/g/;/ŋ/;/ʔ/;/tʃ/;/ɲ/;/dʒ/;/x/","/pʰ/;/tʰ/ (including dental, alveolar, or postalveolar /tʰ/);/ʈʰ/;/kʰ/;/ɾ/ (including dental, alveolar, or postalveolar /ɾ/);/ʈ/;/ɖ/;/ɽ/",Affricates;Aspirated,/a/;/e/;/o/;/i/;/u/,None of the above,Nasalized vowels;Long vowels;Diphthongs,"There are ""complex consonant"" phonemes (NOTE: ""complex consonants"" are any of those on the following list: clicks, ejectives, implosives, glottalized (have the glottal stop as a diacritic), labial-velar stops, dental fricatives (""th"" sounds), lateral fricatives, lateral affricates, uvular consonants, pharyngeal(ized) consonants).;There is stress (may also be called ""accent"") in the language, but stress is not predictably placed.","V (onsetless and codaless syllable);C onset (syllable with a single onset consonant, e.g., CV or CVC);C coda (syllable with a single coda consonant, e.g., VC or CVC);CC coda (syllable with two coda consonants, e.g., VCC or CVCC);CCC coda (syllable with three coda consonants, e.g., VCCC or CVCCC)"
2026/09/30 9:51:54 PM AST,913479e0d6c13c6c,fc474bde26aa8c9e,Bunan (a.k.a. Gafri),India,Tibeto-Burman,6b,29,7,36,"/n/ (including dental, alveolar, or postalveolar /n/);/t/ (including dental, alveolar, or postalveolar /t/);/m/;/k/;/j/;/s/;/p/;/l/ (including dental, alveolar, or postalveolar /l/);/h/;/b/;/d/ (including dental, alveolar, or postalveolar /d/);/g/;/ŋ/;/r/ (including dental, alveolar, or postalveolar /r/);/ɲ/;/ts/","/pʰ/;/tʰ/ (including dental, alveolar, or postalveolar /tʰ/);/ʈʰ/;/kʰ/;/dz/;/ʈ/;/ɖ/;/ʂ/",Affricates;Aspirated,/a/;/e/;/o/;/i/;/u/,None of the above,Long vowels;Diphthongs,"There is stress (may also be called ""accent"") in the language, and stress is mostly predictable (follows a set pattern).","V (onsetless and codaless syllable);C onset (syllable with a single onset consonant, e.g., CV or CVC);CC onset (syllable with a two onset consonants, e.g., CCV or CCVC);C coda (syllable with a single coda consonant, e.g., VC or CVC);CC coda (syllable with two coda consonants, e.g., VCC or CVCC)"
2026/09/30 10:06:41 PM AST,3867bcd16b6ff5a1,c4f93dfab7229cfb,Haida,"Canada, United States (Alaska)",Isolate,8b,33,9,42,"/n/ (including dental, alveolar, or postalveolar /n/);/t/ (including dental, alveolar, or postalveolar /t/);/m/;/k/;/j/;/s/;/p/;/l/ (including dental, alveolar, or postalveolar /l/);/w/;/h/;/ŋ/;/ʔ/;/tʃ/;/ts/;/x/","/tʰ/ (including dental, alveolar, or postalveolar /tʰ/);/kʰ/;/qʰ/;/ɬ/;/q/;/χ/;/ħ/;/ʕ/",Ejectives;Affricates;Aspirated;Glottalized,/e/;/i/;/u/,/aᶠ/,Long vowels,"There are ""complex consonant"" phonemes (NOTE: ""complex consonants"" are any of those on the following list: clicks, ejectives, implosives, glottalized (have the glottal stop as a diacritic), labial-velar stops, dental fricatives (""th"" sounds), lateral fricatives, lateral affricates, uvular consonants, pharyngeal(ized) consonants).;There is tone (including ""pitch accent"", but not including intonation) in the language.;There is stress (may also be called ""accent"") in the language, and stress is mostly predictable (follows a set pattern).","V (onsetless and codaless syllable);C onset (syllable with a single onset consonant, e.g., CV or CVC);CC onset (syllable with a two onset consonants, e.g., CCV or CCVC);CCC onset (syllable with three onset consonants, e.g., CCCV or CCCVC);C coda (syllable with a single coda consonant, e.g., VC or CVC);CC coda (syllable with two coda consonants, e.g., VCC or CVCC)"
